,0_names,0_pvals,0_logfoldchanges,1_names,1_pvals,1_logfoldchanges,2_names,2_pvals,2_logfoldchanges,3_names,3_pvals,3_logfoldchanges,4_names,4_pvals,4_logfoldchanges,5_names,5_pvals,5_logfoldchanges,6_names,6_pvals,6_logfoldchanges,7_names,7_pvals,7_logfoldchanges,8_names,8_pvals,8_logfoldchanges,9_names,9_pvals,9_logfoldchanges,10_names,10_pvals,10_logfoldchanges
0,TBXT,7.361398030893176e-142,2.8819337,MSGN1,4.6681104239974334e-95,2.7292457,MEOX1,8.63249794914004e-187,4.89667,HES5,1.4110178193208436e-134,4.9547086,TTC26,5.3153952853621956e-08,5.8769627,TAGLN3,1.6328882086017147e-05,6.9919257,GATB,5.643852213147859e-07,9.465647,PDE8A,0.00033486427035286535,8.482466,MAP7D1,2.0484118950108812e-05,10.909407,AvBD9,0.0013234583213786119,11.389989,ALPL,0.00034967696384785325,29.598942
1,MSX1,1.4984438747056236e-38,1.650983,FGF18,1.9182309897521628e-32,1.4826323,TCF15,4.145757169932373e-119,5.0456805,PMP22,6.250056697962682e-67,4.446266,TMEM116,0.0002962389914493724,7.456641,ABHD3,0.002513482965648662,6.223584,ACE2,3.2267168113920382e-06,9.835753,TMEM120A,0.03457476623019526,3.6111891,SELENOO,0.05668032805933934,4.1441875,RF00151,0.03678750957827166,28.251276,UFM1,0.03955279144647316,2.738524
2,APCDD1,7.042596918342798e-38,2.229591,HAPLN1,9.63863485097469e-20,1.6790284,SHISA2,4.302221120515136e-83,4.066612,GBX2,8.929186708932523e-49,3.0371604,MGARP,0.004632227585914447,8.70774,SGTA,0.016645560500685285,1.594395,DNMT1,0.011272992898743051,2.5362465,DDRGK1,0.0640495272206164,2.9288325,MARCKS,0.05537566217409094,2.9527516,SCYL3,0.08423240635344022,3.0769782,MLLT11,0.08112619847836686,27.78422
3,RASGRP3,3.6378942531634574e-36,2.3850794,CDH2,1.1659586506492866e-13,0.64762735,NBL1,5.422428637164384e-70,3.5398476,RHOB,1.707131594873202e-46,2.805343,LPXN,0.007111950805363911,26.254574,NELL2,0.02054138711694168,2.784533,PPM1B,0.029958120266398162,1.7679085,DRD5,0.08209743288359217,27.370031,DLL1,0.057214398840061235,1.5637407,GATA5,0.10231498189983508,4.3058963,MRPL1,0.09401429727229935,2.6995127
4,CLDN1,1.0326983784089225e-31,2.3659835,AKAP12,3.064820028428539e-13,0.8877096,NPY,8.058217899486253e-60,6.2105584,COTL1,4.09816905909317e-40,1.806428,ZC2HC1B,0.024119852100149414,25.7531,SGPP1,0.027742020712026194,7.717819,PDGFA,0.03345194688657533,1.9239553,C8orf59,0.08467221636985062,3.2027824,ANO2,0.08209743288359217,27.370031,RRP9,0.09735330820831099,2.0908298,PAFAH1B2,0.10512134612307432,1.6539769
5,FGF19,3.5108451904762078e-31,2.9494016,ENHO,4.850663281072436e-13,1.4491562,SMOC1,1.2469338360147634e-50,2.0831196,VIM,1.1789209957633263e-36,1.8809397,TBXT,0.03267275038566345,0.8763671,FABP6,0.035156264802854276,3.5293174,SF3B3,0.03571926279109001,1.0982118,WDR7,0.09233349452977045,8.820417,GNL2,0.08864998005123592,1.8538407,MFGE8,0.09790135378399269,2.0979795,WNT8A,0.11573991235653194,2.578062
6,HOXA7,6.617723595172715e-26,1.599612,CLEC19A,1.3525737709978228e-12,1.0658985,COLEC12,5.524243396676186e-41,2.5220153,MARCKSL1,3.992077024806297e-30,1.4688197,CMTM8,0.045189808132786335,1.1382408,Wpkci-7,0.04769249313369564,1.2260808,PPP2R5A,0.036340924131419074,1.4405583,ETS1,0.10716920464579469,4.176158,GTPBP1,0.09436697142089165,2.1806512,CDH1,0.11150874089800147,3.9078317,NDUFS5,0.13044314106211147,1.3886709
7,WNT8A,5.691541052578844e-24,2.940447,PPFIBP1,3.373786783730063e-11,0.76224947,RNH1,1.5159707588986203e-37,1.6621644,SFRP2,1.5768407122722488e-26,2.5005,ASXL1,0.04631541820952412,2.1319704,PLA2G12A,0.0586539029898088,8.5511265,JAGN1,0.040785871010932416,1.5568597,URI1,0.11159319064755391,3.9986298,SCP2,0.09588490634283027,1.3643279,KRT18,0.1232781466839075,3.9874725,RTN4,0.1377496783651334,1.0314691
8,Wpkci-7,2.7991294635615885e-21,1.5902444,DLL1,2.938886362176204e-09,0.77475494,TMSB4X,2.6020342903360305e-37,1.0141641,ENO1,6.36299174794453e-26,0.74178344,LARP7,0.06213836959302045,1.1211085,CCDC88C,0.06023036773462518,1.9120363,VOPP1,0.04358063470050731,2.4593768,LARP7,0.11155298036543938,1.7381432,DLC1,0.1078342112041965,2.6880357,ATP6V0E2,0.13882832314156912,2.1667206,VAMP7,0.14867825041853328,2.9297447
9,PLPP1,5.793507579851493e-20,1.9165958,DHX37,7.454310015076021e-09,0.7862105,NOTCH1,1.414053431829082e-33,1.474674,APOH,4.29819641068033e-24,5.070042,HAUS2,0.06342984783927226,1.5746472,GRAMD1B,0.06584957089306949,2.8891265,SPARC,0.04920212958050828,1.325265,BEND6,0.12974961551473785,3.4062147,B4GALT1,0.10936782831702922,2.988186,RAB7A,0.1375090411993226,1.3156164,MRPS35,0.1567878211262188,3.278971
10,GJA1,1.0152139279581383e-19,0.9094388,CADM1,2.528835246710731e-08,0.98955667,RHOU,1.3097316440753745e-32,2.1458576,TUBA1B,9.96653008375065e-24,0.5759801,PPP4R2,0.06669087494032182,0.87306637,HSPB11,0.06514185779325321,2.0482047,RFXAP,0.05137943865975741,1.4608687,SMG6,0.12980029519970282,1.6010177,TWISTNB,0.10973965444680385,2.0355387,NATD1,0.15254811892325418,2.881069,ZBTB26,0.15937054970062786,2.9069114
11,WNT5A,3.3406881660680176e-19,1.1157221,TMEM100,1.0253144994354777e-07,1.0571895,DCBLD2,2.212235676857858e-32,1.6944847,TUBB4B,5.311750064254977e-22,1.0585963,DAAM1,0.06785590791802747,1.2375408,gga-mir-1752,0.08316568489041791,25.632736,UBE2E2,0.05263917110944768,1.4483237,TMEM63B,0.13434438564530646,2.2703857,CNTN2,0.1160954707560197,3.799123,ARHGAP44,0.16872719011880008,9.319665,ARL8B,0.15721581441698992,2.0162048
12,BAMBI,5.007222825694518e-18,1.8453965,CORO1C,1.9144970194489676e-07,0.7081352,ANXA5,1.462993286185089e-31,2.0707529,ACVR2B,1.391848350389194e-21,1.5810046,TP53INP1,0.06919313825906738,1.5701157,SLC35E1,0.09166786853477946,3.0990813,HMGN4,0.05634246161635976,0.55924195,DST,0.13828929206001908,3.1810257,ZSWIM7,0.11354320800388731,1.985341,AXIN1,0.17723593897750106,2.5362825,GLB1L2,0.1645498487408864,2.6858277
13,WLS,1.058113131469393e-17,0.92186314,MKP3,2.4980899727623984e-07,1.0310956,MPP6,7.803696387629192e-30,1.8804367,RASL11B,1.611965397027332e-20,2.8129566,MPZL2,0.07166252725359742,2.0451288,CDC73,0.11353023884871383,1.5270083,YPEL1,0.060665895611960584,1.9499553,CCDC126,0.14791797913723653,2.227859,KIF18B,0.1220013242829967,2.4351218,NAA20,0.17374781923302995,1.5703197,RAB1A,0.16132023004874776,1.0873362
14,CD99,2.0938133810238917e-17,1.7678208,ADGRL2,3.022255507587992e-07,0.8231796,POSTN,8.936997014309296e-27,3.041086,HOXA11,3.706040484906442e-20,1.4535104,VMA21,0.07587490963149433,1.4428928,TBC1D19,0.11710716955529638,2.70715,TKT,0.06719284045084055,0.68263954,STXBP1,0.15288794467950548,2.8982,BEND3,0.14359035311085658,3.088394,SLC16A9,0.18043433987586635,2.4979432,SOD3,0.17679233845483994,5.996232
15,EPHA1,1.7937403646990862e-16,2.7223988,APLNR,3.965555484701064e-07,1.991551,TWIST1,8.884777620701787e-25,3.229179,CTGF,5.32121885634227e-19,2.8468125,ASTL,0.0803299408873263,3.5361805,BZFP1,0.12583679370274284,2.50302,SH3YL1,0.0726171687823853,2.8294392,GSTM2,0.15810708768223533,2.8144653,CASK,0.15026448790764352,2.943212,SYNDIG1,0.19262870968392995,2.6612158,DHRS11,0.16861318189463906,2.6452732
16,CHST15,2.3495093070544516e-13,1.0999546,JCAD,6.231567345720704e-07,1.112813,GPC4,4.173175410257774e-25,1.7583878,PODXL,5.901990619272829e-19,2.595174,KLF11,0.07988597235200864,1.7516483,GTF3C1,0.12468323951030248,1.398575,MYCN,0.07179537430072346,1.2976805,LMBR1L,0.18019764673530078,5.329346,CADM1,0.14539915166540798,1.4934359,SEC22A,0.19360443392371618,2.3631854,STK26,0.16526877566666984,1.9529618
17,NKAIN4,1.2937031977149968e-12,1.5311732,MDK,6.212449279733093e-07,0.5181223,LRIG3,2.9923841558814756e-24,1.7582645,HES4,6.514340933884363e-19,1.462646,ING5,0.08111910611002132,1.7405071,VCPIP1,0.129043773607396,2.021098,NEMP1,0.07454744800578691,2.7899668,TMEM50A,0.1755928493900005,2.084567,VRTN,0.15904655280138155,2.1691382,INTS8,0.1936744997293261,2.369091,VRTN,0.1736540567336841,2.862793
18,WNT5B,2.546260024593827e-12,1.6229546,RBM38,7.643273465785938e-07,0.92612076,FSTL1,1.5430665226826666e-22,1.3627124,GNG10,4.88604242867069e-18,1.6994048,SDR16C5,0.08771641164404233,2.4938722,TMEM141,0.13863363500718498,1.3567249,BTBD9,0.07634872420784661,3.5634675,INPP5E,0.1833777789598936,1.8939166,CCNB2,0.15698693610505549,1.1968613,NAT9,0.20484504889163252,4.069084,LZTFL1,0.17172438809991225,2.6094525
19,EPCAM,4.450221990226716e-12,1.8144451,RSPO3,2.186870512955972e-06,1.2415929,PPFIBP1,2.8659931943258107e-22,1.1499135,NREP,2.476189300977643e-17,1.62631,CRABP2,0.08978715484086174,6.145927,NR1H3,0.13909134651968497,1.4799728,ENO1,0.07600987393955393,0.50912637,MOB2,0.18714394323852637,1.8978087,PRTG,0.161612120008326,1.2680699,SKAP2,0.19489349613231993,1.0946206,COMMD3,0.17503315390043098,2.0971773
20,DRAXIN,6.369919884732196e-11,2.1375976,MAD1L1,4.21302123642454e-06,0.9419291,MMD,2.962610110743049e-21,1.6101836,GAPDH,7.196440494849129e-17,0.47390386,GATA2,0.0899621634653113,1.8506534,CRABP-I,0.1419493523586015,2.6132965,SLC35G2,0.08103325318407316,1.9055862,MAFB,0.18914878227584925,2.4381773,RNF130,0.16502382106678234,1.7603155,PCLO,0.2106948805666857,3.847427,DPYSL3,0.1729204499472962,1.6854042
21,MPZL3,7.3663101076955e-11,2.1691682,C10H15ORF59,4.44981222725321e-06,1.8798931,PTN,2.4859746013484764e-21,1.4455943,PAX6,5.095902579449153e-16,4.4668546,GOLGA7,0.09055880521791865,0.80460495,ZCCHC6,0.14720470363388768,1.6052454,UQCRB,0.08006165846625185,0.99100006,CADM1,0.18833634208238706,1.5410984,CLASP1,0.16990790479452406,2.7707593,DNAJC10,0.20788348605348364,2.455319,RAB2A,0.1748868744411187,1.6136609
22,WNT3A,7.334853071399604e-11,1.9576942,PTTG1IP,2.138190243142846e-05,0.90783095,CYP1B1,2.851644897775885e-20,3.2552946,SP8,6.071290044896753e-16,1.6814537,MAP3K5,0.09241291103346266,3.243391,CD81,0.15495115468885906,1.8291088,SAV1,0.08248959415711887,1.2010645,AASDH,0.19699513209849764,4.292489,GHRL,0.1751687136511282,5.9149804,CFLAR,0.2117358975521011,3.8149605,UBN1,0.17786212618961877,2.5216541
23,APBB1IP,1.5953126042682162e-10,2.8637645,RGS2,2.5853040897169814e-05,1.7525469,DMRT1,5.421255515376585e-20,4.2347336,NDRG1,2.3369570328742906e-15,3.1924105,WRB,0.09292050450443078,1.232522,SLC47A1,0.15818299972619473,2.166831,CRYAB,0.08397252993476745,1.940624,PIP5K1A,0.19969552532863122,4.1793184,EXOSC7,0.17104283728346775,2.1499681,E2F8,0.20689666270016405,2.341431,TMEM57,0.1764442155236393,1.5355277
24,VAV3,6.244624098812256e-09,1.648875,LIN28A,3.7993290810211626e-05,1.2555217,FABP5,1.4014905206906482e-19,2.0649421,ID3,2.4983317342156303e-15,1.1514535,SECISBP2L,0.09639653167367541,2.3755472,SP5,0.15979220011316753,0.8496176,BCAP31,0.08529851120521023,1.6933272,KRAS,0.20085090756519047,1.6321074,CXCL14,0.17450500210926187,2.9698346,TMEM63B,0.2078009078670175,2.224229,TMEM39B,0.18383661290710154,2.449749
25,AKAP12,6.748361102717043e-09,0.6841904,ACTN1,4.5961892862048256e-05,0.6016602,IGSF21,4.107396632449727e-18,4.090942,TCP1,3.3189264725111532e-15,0.8374494,CSNK1D,0.09744691917148961,0.8263316,C3H6ORF203,0.16471059770215732,1.761047,CDC42BPB,0.08827655163434607,1.3671392,MIA3,0.20443597940356073,2.2985532,TEAD4,0.17397834214475558,2.610282,SLX4IP,0.21272043638883248,2.3945312,CDPF1,0.1956559786822912,4.4280787
26,HOXB7,4.0182662033695984e-08,1.112,SGPL1,5.3967171186520844e-05,0.7958955,SIX1,1.588716265673264e-17,3.971174,ID1,7.17978324252437e-15,1.1720067,MICALL1,0.0989847182930536,2.011839,SH2D4A,0.1683124533195758,6.1920853,CRCP,0.08851434015562729,1.4985175,ESF1,0.20661118706587484,1.7788271,PPRC1,0.17816424190573804,2.5673,CIB2,0.21610786353887185,3.679678,MYL6,0.18682955529928352,1.3442867
27,SP5,4.040595406567196e-08,0.84280527,WIF1,5.898399669161588e-05,1.8276988,CDH20,2.2604720206816807e-17,3.5033965,WNT4,1.774380084833589e-14,4.804631,SCAP,0.10230217232579766,1.5597892,ALDH1A2,0.16877026283644436,1.3789647,CTGF,0.09093328601516805,1.7133439,NBEAL1,0.2123442151795877,3.7403479,PRR5L,0.18512869294557352,4.9516234,UBE3C,0.2164682478668248,3.6991253,STIP1,0.19914464222994596,4.2991667
28,CDX4,4.917289330623348e-08,1.0925847,METTL6,7.7513270621712e-05,0.6573362,NR2F2,1.931318009871054e-17,2.383784,GLIPR2,1.7046264952286588e-14,1.6659423,MTURN,0.10402444317501308,1.5472084,EEF1A2,0.17375563545869618,2.6717284,GABARAPL2,0.09085799121478638,1.492122,ZC3H15,0.20661662465858907,1.0496076,SGO1,0.18120350148206743,2.530304,LAMTOR1,0.21107184815621288,2.1970704,KIF18B,0.1928139214077599,2.3881404
29,FGF8,5.9251249411827924e-08,1.7417634,PRCP,9.391969980842527e-05,1.21449,PCP4,2.908779070806918e-17,2.1190963,HMGN4,3.101894708112907e-14,0.5663918,PAK4,0.10592911943408222,1.9140459,FLT4,0.17591324946014597,2.9341395,METTL16,0.0920593167578796,2.3842165,STXBP6,0.21978580644970425,3.5815275,RHOT1,0.18068140113688974,1.950854,AGRN,0.21137018657795653,1.6739542,RAB15,0.20572012177476898,4.5139675
30,MID1IP1,8.158038262313935e-08,1.2118064,PDZRN3,0.0002117600475315456,1.3952558,TUBAL3,5.3912630164590865e-17,1.6425905,NCAM1,3.4507736341612744e-14,1.4233308,RSPRY1,0.10637122601941956,1.4062784,SMPD3,0.18142931637180132,4.8696504,PIGQ,0.09200690964714796,2.423896,DDX46,0.21383650735276963,1.0999576,CCDC126,0.18457969385315087,2.4280906,BLOC1S5,0.21965056092180715,1.8301523,DAZAP2,0.19636091795950789,1.7308989
31,TESC,8.805425069265989e-08,1.4876673,LIMD2,0.00023444543529658617,0.7365859,LEF1,7.904193408212381e-17,1.39003,FABP6,6.339193633807336e-14,3.113785,THSD4,0.11526355413239789,3.974808,SMYD2,0.1832138277904962,1.3745414,NSF,0.09320422163485163,1.7818878,WDR4,0.21634545234155572,1.7110605,PCSK5,0.18201076109325268,1.8879284,SYNJ2BP,0.22756992899428152,3.4454997,OSTF1,0.1988718922381437,2.4092383
32,C9orf3,1.7344641823396576e-07,2.0081174,BTG2,0.00026519084580591397,0.90599513,TMEM100,9.737655061138373e-17,1.7231929,NMRK2,2.3973280964589376e-13,2.0147443,TIMM50,0.11731533968272928,0.83275896,CLN5,0.18619495717148704,5.2469735,DYNC1I1,0.09401462506933765,2.0601037,SOX18,0.22360219716994095,3.5136793,UBE2J2,0.18289554791086107,1.8805863,STX17,0.23148109958507473,3.5513783,PCMT1,0.19970875753863987,1.7689108
33,ATP2B1,2.787902238074942e-07,0.70184267,WLS,0.00034422654711003083,0.40880144,GADD45B,1.8983118251042031e-16,1.9964871,HSP90AA1,2.0729524995281763e-13,0.6990389,GGA3,0.11900121541437857,1.8290719,TSEN54,0.18590377046537296,1.9493083,GRAMD4,0.09744179392424011,2.0543919,RARRES1,0.22555833371539735,3.4439058,MSANTD2,0.18555324088975045,2.4954562,NUF2,0.22334588170311723,1.6511034,NIPAL3,0.20901366973172622,3.928952
34,DLX5,3.070421098912252e-07,1.835207,SLC2A1,0.0003552428345202299,0.64149195,CITED4,2.2755474281495226e-15,2.7381558,FAM181A,3.5046249438818744e-13,4.7945485,SYT11,0.1191030779754347,0.8304674,PTGS1,0.18675865315708387,2.551208,NUCKS1,0.09618623475719328,0.55881095,SCAF11,0.2235689059259407,1.2154872,MCRIP2,0.18597973906914675,2.4618754,ALKBH2,0.23141026249952723,3.309084,TARSL2,0.2039495244083895,2.2601316
35,ANXA2,3.301505221443358e-07,1.6726236,JARID2,0.00042144960636374845,0.5266237,SUSD1,3.1891139884703174e-15,2.362513,ALDOC,3.406841882975464e-13,0.6496945,SLC39A6,0.12377633041191374,1.7750784,KIAA1522,0.188937211390519,1.4150895,DNAJC18,0.1001390054501384,1.9544576,COA7,0.2358054385818758,2.322218,FAM49B,0.1881918027784853,1.8686726,BMP2,0.233035837853665,3.3167853,CSTF3,0.20272462904750518,1.7891281
36,NPM3,3.6512495267103776e-07,0.40661362,LRIG3,0.0005113610946010862,0.59779084,RDH10,3.776505449613208e-15,2.1162584,LMO4,3.908357777704164e-13,1.0304034,WDCP,0.1301983214179153,1.5614257,CASR,0.19268833425300985,1.8859745,CHCHD2,0.10016373004982047,0.9548231,CENPW,0.2315915371911291,1.6182041,CDC25A,0.1896683258732471,2.4247477,TMEM184C,0.22944111701700387,1.6168299,PHF20L1,0.20566296503684417,1.7143633
37,SDC3,6.747686975225497e-07,0.8173717,RAB30,0.0006099702828911206,0.7863719,TBX22,6.132060659297478e-15,4.3630404,HOXC10,8.080108127328823e-13,1.1848594,ACTA1,0.1337633736300433,1.28869,COL17A1,0.19526050453407384,4.645321,ABCA5,0.10260806464870847,2.8732202,PDSS2,0.24558138796943468,3.04434,CLDN12,0.19585775579592185,4.327329,RAB11FIP2,0.23863960831287848,3.1838932,SPIN1W,0.21629337695041667,3.7855654
38,VRTN,1.138624125416756e-06,1.2712299,OSBPL5,0.000642305678887312,1.0029442,OLFM1,1.125342799334374e-14,1.8117285,ID4,1.0708210780110238e-12,1.3235538,sTnT,0.13583443501970746,3.3365235,TRPV1,0.19503129386689613,4.1910696,SMC3,0.10503441269020612,0.88961995,AKAP12,0.2403666085790681,0.95275414,BAG5,0.19761518857361354,2.4458978,BRI3,0.23155244944396308,1.3338338,MORC3,0.21071392627280677,2.20236
39,BMP2,1.5019744795241396e-06,2.4949145,PCP4,0.0006744596646117116,0.8126503,RASD1,1.6113349693182847e-14,4.1795344,TUBB2B,1.4493333942640223e-12,0.7967859,DEGS1,0.13809576365595005,1.2671645,ZC3HAV1,0.19383910213114697,2.4251597,RASL11B,0.10524901813962377,1.5624121,SNRPA1,0.2418475369212703,1.3076447,CIR1,0.19754918949216768,1.815343,COBLL1,0.24012825342602578,3.1768243,PHB2,0.21847145419186237,3.6702874
40,EVX1,1.5445603053499717e-06,2.1016946,SALL1,0.0007565240494989333,0.44894612,GPC1,1.5910594944850673e-14,1.204919,CERCAM,1.882313854492125e-12,2.5012038,EFCAB14,0.14505885300605778,2.2927315,POU2F1,0.19298080857949354,0.9917525,PTBP1,0.10487777626726348,0.67278284,LRRC8A,0.2509141820326383,3.331739,ITGAV,0.20183635316106444,2.3846626,SZT2,0.24050918760817636,3.1597002,ALKBH8,0.21965521238610608,3.6127632
41,SPRY2,1.6332412436973947e-06,1.0429943,OPRL1,0.0007844377235466243,1.938487,SDC4,6.071874908635414e-14,2.2420511,SCD,2.7636294280933284e-12,1.0397503,MSGN1,0.14767466056104936,0.6784268,CORO2B,0.1996696362204185,4.0209756,DALRD3,0.1065236111662644,2.199802,ELAVL4,0.24415205213215083,1.586228,RHOGL,0.20303200517832443,1.7883024,CRIP1,0.2397696187119695,3.2676694,ATPAF2,0.21616235901678388,2.2231438
42,GAD1,2.945669460510436e-06,1.5264385,KRT19,0.0009156834469488192,0.6669104,PAX7,8.84037121760087e-14,2.2423031,VCAN,2.9974639197477217e-12,1.3933557,ATP2A2,0.150963959685314,0.757364,SCN3B,0.19876721824478585,2.3987105,CNEP1R1,0.10756138747275967,1.8614204,PGRMC1,0.24716587386890446,1.3302842,CD63,0.20267361105812692,1.763185,MOSPD2,0.24069996347511718,3.1512127,SSRP1,0.21188761495637276,1.3989185
43,HOXB8,3.883241301736481e-06,1.4808522,RNH1,0.0010889818224270396,0.41519675,PLPP3,1.3114100583548853e-12,1.8142306,PGAM1,3.8514519772976586e-12,0.6155077,PBX3,0.15206022950993922,2.2646494,TIAM2,0.20023449012040753,2.4258149,CLDND1,0.10725668275880719,1.6756952,RRN3,0.2491180659494813,1.9783167,GGPS1,0.20730546904793484,2.335747,FN1,0.238888355989149,1.5967588,DLST,0.22436593386406326,3.7571533
44,GREB1,5.458300269188815e-06,0.9570856,SP5,0.001133967819405294,0.5328536,CENPX,1.404582105948366e-12,1.104654,PLEK2,6.301217534841166e-12,3.6330335,LMO1,0.15258452590234953,1.632417,MYLK,0.19936731123242243,1.5781515,ANO3,0.10966022133124864,2.8460052,PANX2,0.2545350328029181,2.9111369,SAMD4A,0.21344819116439173,4.0329714,DCAF5,0.24543000559741657,3.0638385,DR1,0.2204118212072319,2.1364088
45,GCNT1,1.1739357749794895e-05,2.0373247,KLHL9,0.0013171813181539966,0.727509,TMEM47,3.443743568038893e-12,2.895845,YBX1,5.2851629900665445e-12,0.41002172,PPHLN1,0.1525310032803825,1.2076803,IQSEC1,0.2043588910294024,3.8688028,TMEM18,0.10872153895151364,1.6798283,PTH1R,0.26286702041574894,2.9705913,SP5,0.20491461942478847,1.2938868,OSBPL2,0.24549373329793578,3.0831778,ZRSR2,0.22539237365974896,3.4582634
46,ESRP2,1.8133884753333565e-05,1.2856092,LSAMP,0.0014236435681030878,0.91211665,LPAR1,3.862671538185007e-12,1.7836865,BTG1,6.7523999702678865e-12,1.0985411,SOX5,0.15368937740165495,2.9732695,E2F3,0.2057982966358529,4.1084523,PURH,0.10789366947087721,0.85514086,ELOVL1,0.2643077260339044,2.8658116,BTBD7,0.21944684070877804,3.5518796,LRP1,0.24696293377002113,3.0290926,CBLB,0.22561437620330693,3.4792886
47,PRTG,2.466905399140079e-05,0.5398099,LSP1,0.001424245069332665,0.6420111,FGFRL1,6.548481403450749e-12,3.6989155,HOXD12,7.997028589321871e-12,1.1391164,BRD1,0.1541235308987497,0.777039,SDR16C5,0.2062070334576172,2.3171809,RBM26,0.10838699466779371,0.9606053,MPHOSPH10,0.2607105043171895,1.505323,ARPC1B,0.21944684070877804,3.5518796,LYSMD2,0.24394084102848262,1.962927,SLC39A9,0.22304081056586073,2.1729422
48,PLAC8L1,2.8253171724937898e-05,3.3027184,GNAI3,0.0014463969305509783,0.3314919,SRXN1,8.342007172392442e-12,2.586525,TMEM123,9.684252147636128e-12,1.3118428,TXNDC11,0.15476427160418427,1.5789475,PAQR7,0.20909827759129015,3.7311294,GNG12,0.11279242747022114,2.1994364,LRRC20,0.26019600661466213,1.4751036,TENT4B,0.221678834431217,3.516946,NUP54,0.25156809956152126,2.9558928,TM2D2,0.2247829137365584,2.0935094
49,B4GALT1,3.6915177237987126e-05,1.2094043,LLPH,0.0016461000386807502,0.44594166,ID3,9.402307815892202e-12,0.9816891,PKM,1.0995141848565796e-11,0.5108111,OPN5L2,0.15895368281837352,24.40721,DAAM2,0.20839077293733937,2.3116121,GTF2A2,0.11202673110512752,0.99180216,TMEM183A,0.26679005916723014,1.475709,ACSL1,0.21994423980726363,2.1552353,CEP164,0.2517311115296101,2.9752133,EIF4G1,0.2271058908913039,2.0579398
50,SNX10,4.3033276280864905e-05,1.7691106,P4HA2,0.0016972682014339783,1.1369942,MDK,1.4490593692459877e-11,0.72542155,PDE6D,2.124251102728896e-11,1.3245894,PCSK2,0.1590693824032363,3.3052466,AMN1,0.21185755204014228,2.2792664,VTG1,0.11665989229438964,3.9009645,KIAA0100,0.2752111888147863,2.7183707,LRRC3B,0.2272039533117989,3.4059935,TPR,0.2458792038461596,1.5211365,GATAD1,0.22929361950303728,2.1150906
51,UCH-L1,7.089610904655763e-05,0.6527757,MVK,0.0016970471638204862,0.59001815,GALNT1,1.7917653373273275e-11,1.2609715,CKAP2,2.1917376304847376e-11,0.847549,HERPUD2,0.1587010454016995,0.94942224,NECTIN4,0.21388701733008558,3.6054292,MRPL19,0.11731082492570755,0.94496405,RBBP5,0.27026373333298914,1.474854,ADAMTS3,0.22743858358374228,3.3927774,NECTIN1,0.2565805724974342,2.9075177,EIF2A,0.23153207980732698,1.6080599
52,S1PR1,8.592093017548563e-05,1.9061475,ARHGDIB,0.001768822560632773,0.45128605,QPCT,1.8069774970769907e-11,1.4195819,HOXB5,3.642534526911782e-11,1.1352985,FBXL8,0.15975385496277303,2.1497414,MIA3,0.21468721468803825,1.5015999,DTD1,0.11751151313746892,1.0900075,SPATA17,0.27453146762855596,2.6763475,USP34,0.22647531469753399,2.1633515,UBE2J1,0.25652580762958677,2.93812,BCLAF3,0.24051349095019517,3.328033
53,B3GNT7,9.281037953194145e-05,1.9412863,TMEM120A,0.002048672572243331,1.1925851,OLFML3,2.6063011028675225e-11,2.53085,PAK1,4.9120501758187803e-11,1.8538139,EARS2,0.16152359138140313,1.7840712,WSCD1,0.22153174147848456,3.489782,P3H4,0.12000094766050118,2.6563542,PCGF6,0.2769388918117339,2.6146305,GMPPB,0.23652925262965294,1.6704887,ANKRD26,0.2579527862970629,2.8733687,PDHA1,0.23342251248828488,1.3010131
54,ARHGEF9,0.00010673827636926275,0.9141802,FGF10,0.0020785879078524853,1.2101426,LFNG,3.464433710730951e-11,1.0777738,TCF7L2,4.881159185050697e-11,1.3586626,MARK1,0.1674199223466127,1.734624,FIBIN,0.2201338133029533,1.4936678,PSMA6,0.11796335578503296,0.75565845,SH3GL1,0.2773269679625487,1.792487,JAM3,0.23618045396091303,1.418339,SRSF3,0.25090259856834507,0.80543435,RRP9,0.23703898638700294,1.5735552
55,COL4A1,0.00012836943175712704,1.1096303,NEBL,0.0024390017714911636,1.2387878,CYR61,6.289364190747942e-11,1.41766,SELENOU,6.246057872656638e-11,1.6805915,HDLBP,0.16691738591156585,0.6725968,RSBN1L,0.22339352065030524,1.455829,MAST2,0.1210276371415898,3.764426,ZNF638,0.27844349162663734,2.6163657,TPD52,0.23885967304535333,1.5820948,MCM8,0.25892222598955356,2.8635287,BRF1,0.24501618737959396,3.1114378
56,LDHB,0.0001298051817239727,0.25535357,ZDHHC20,0.002777932752904744,2.3910964,GMDS,1.9226699581603803e-10,1.8135546,PDGFA,1.338299978337197e-10,1.8224977,MOS,0.1723217212415839,5.5529914,ICMT,0.22519349964324048,1.6949725,PTTG2,0.11917506362733461,0.87949944,FAM208A,0.28006359825081995,2.605167,PARP12,0.24665157888805583,3.0340133,VPS26A,0.25973444061654033,1.4875021,RAB18,0.24033239230298203,1.9740602
57,MNX1,0.00021998531519478034,3.0284662,KCNJ5,0.003197634465270578,1.3548274,MESP1,3.292277883832433e-10,1.7815014,CDH11,1.5308805773979267e-10,2.221934,SLC44A1,0.17165462336297455,2.808664,TIPIN,0.2258474604245765,1.2624894,GNPDA2,0.12184228935029227,2.3074243,TAF13,0.27901671785640597,1.431453,KRT7,0.24908371248908026,3.4272375,MTRF1L,0.26845543582944026,2.7314024,CCNA2,0.24543000559741657,3.0638385
58,CACNG3,0.00024193065111839456,1.0755659,NTM,0.003447858003879011,0.7337887,CDON,3.7766930550239213e-10,2.1208584,HOXA9,1.616358286980061e-10,0.96898705,SLC1A3,0.1727555779309215,2.6830785,PTPRD,0.22779440669611267,3.3235433,MRPL48,0.12014573546974729,0.9265582,TLE4,0.28110216728322673,1.7976984,USF1,0.24736025188176508,3.0094268,NECAP1,0.2662586179715976,1.8600426,SLC39A14,0.24732603449276933,3.0415316
59,HEXB,0.0002852238564835075,0.95437104,SEPT9,0.0038420944142642482,0.45896456,RIPPLY2,5.304453229185247e-10,3.346229,PSAT1,1.747985498444181e-10,1.4359528,TATDN1,0.17262101978647595,1.0015835,KIF7,0.22854142564330274,3.2829921,DCTN6,0.12180486892572594,1.096059,C12orf43,0.28330184587192,2.5686154,ACVR2A,0.24322099708443315,1.5754813,OGDH,0.2660645584138144,1.4138846,B4GALT2,0.24952044522514688,1.9672314
60,CFC1,0.0002917626462866751,1.359689,SIK1,0.004357736139308892,0.94460785,TIMP3,6.266883066705505e-10,1.4810195,PTTG2,1.6986914566480182e-10,1.0104294,TEAD1,0.17372598220570704,2.738708,FAM84A,0.23199159917000717,3.2667117,PPIA,0.12149335296154694,0.39734823,RRP7A,0.27977804354676017,1.4092206,JAG2,0.24837849930051165,3.0052898,GATA2,0.2744189905672686,2.6934266,ARHGAP19,0.24850979446745886,1.9411318
61,CDX1,0.00037399147865518976,2.1318793,SYNPR,0.0044161682583400835,1.0542146,RASGEF1B,1.3519108988086755e-09,2.355903,MYLK,2.5380885595643455e-10,2.3578045,CHL1,0.17419083066484628,2.8650641,ABHD18,0.232816839177558,1.2607468,MYH15,0.12617757665667484,3.5783584,RABL2B,0.28425088234136964,2.5419595,ALX1,0.24837850384777574,3.0052896,SBDS,0.26977772760580865,1.4455167,KPNA2,0.24602775789442563,1.3132759
62,ENHO,0.0003770111190125779,0.700427,FAM46A,0.00507660194904038,1.2791579,GAS6,1.564137737419763e-09,2.3490317,PTN,2.31660983186388e-10,1.0724685,PACRG,0.17686532841698074,2.6451197,PTBP3,0.23775898963008985,3.13781,ARFIP2,0.12444061242003676,1.3219597,THUMPD3,0.28406459101853965,1.1870852,MED4,0.24662052878620394,2.017833,UBE2A,0.2717295669592061,1.8223693,WAPL,0.24910633324845535,1.9206339
63,MAOA,0.00040360535857429604,2.5574768,TMEM35B,0.005267597986039806,0.55913234,ALCAM,2.2531325425721464e-09,1.6948498,MTAP,2.493572261798121e-10,1.500352,ADSL,0.17641762226923446,0.8246214,RUNX3,0.23854316705207673,3.10208,ATRX,0.12579940855642568,0.823489,RNF185,0.28685259543343716,1.7561964,KCTD6,0.24597129419869365,2.0004323,POMGNT1,0.27637840917697626,2.6613626,RDH11,0.2504222570741694,1.9314433
64,HOXD12,0.00042992118308945873,0.54261965,TIMM50,0.0055123363676304335,0.48637098,ALDH1A3,2.6222558181336444e-09,3.800159,GLCCI1,4.1257456416010435e-10,1.1567945,B4GALT1,0.17638727227671702,1.1562407,METTL8,0.24280835211488142,3.0531735,NCMAP,0.12862775938128157,3.5077996,NR1D2,0.28997015717536484,2.4727113,BCL2,0.2506724388648339,2.9870512,LDLRAP1,0.27867810462255727,2.6170826,TBCCD1,0.25882177095928366,3.0217988
65,KRT18,0.00043713290591241075,1.3812436,IL17RD,0.005762821157960017,0.5920165,DKK3,3.060131082189209e-09,1.2348453,UCH-L1,1.1690946494204119e-09,1.1251144,APCDD1,0.17682856677330105,0.837861,ATAD2B,0.24359395279527812,3.1341336,COQ2,0.1280471955840517,2.4808202,SGPL1,0.28965088009764794,1.4352363,USP46,0.2512075772840052,2.9811776,ACBD5,0.2791480049496883,2.6361887,TYSND1,0.2581560943236282,2.8663805
66,AGTRAP,0.0004981993693082548,1.6157359,MID1,0.006096906493565253,0.560675,KDELR2,3.339670492203692e-09,0.74889255,TXN,1.4328533830065536e-09,0.54711676,CUEDC1,0.17949049676374612,2.64512,C8G,0.24361122815540948,3.0194483,SLC35C1,0.12740812054174547,1.3034968,SEPT9,0.2915148883723321,1.1795713,ARL4C,0.2458197794993545,1.1556549,C7H2ORF69,0.2830325297011202,2.6550686,B2M,0.25317308203495786,1.9297935
67,SAT1,0.0005295040423721834,0.82594436,CXCR4,0.007050676358529985,0.59475005,TSKU,3.686718418042984e-09,2.1990259,TMEM132C,1.7606742146830903e-09,1.8169134,SLN,0.18621161327190694,4.5526514,SCARB1,0.24361122815540948,3.0194483,EPRS,0.12716925055734016,0.72252077,PURH,0.29096079177696593,1.0012113,RNF126,0.2479390213033792,1.5333194,NUBP2,0.2815018206508114,2.580861,TUBB6,0.25800423710606535,2.911758
68,MT4L,0.0006577038207983451,0.99819106,PPM1E,0.007089588130689188,1.030605,EBF3,3.823670006436704e-09,2.4033566,CMTM8,2.1274005479790527e-09,1.2085106,GPR37L1,0.18621161327190694,4.5526514,COBL,0.24361122815540948,3.0194483,EIF4E,0.1272849419327871,0.90300155,EGFR,0.29522727525116493,2.4160635,ELMOD2,0.254070230484039,2.9245334,SERTM1,0.28693221112065687,2.9317634,GTSE1,0.2548242065069201,1.9620306
69,ARID1B,0.0006901063876059421,0.7868762,CD276,0.007349946362040731,0.5165167,CA2,4.362848744614848e-09,3.0603309,CALM2,2.0633479725977443e-09,0.65814006,RNF212,0.18621161327190694,4.5526514,MAP3K8,0.2487229974907358,2.941276,LSM10,0.12967788851993722,2.4660776,ATP6AP2,0.2945093458140736,1.6881033,PLA2G6,0.25817205319938963,2.8479998,NOC4L,0.27952327552421574,1.7657998,AMD1,0.26274610858536523,3.3705964
70,AXIN2,0.0007082242466561442,1.1249048,PARP16,0.00845762797649166,0.6862165,EBF2,5.125191237862052e-09,3.000852,MAPRE2,2.7228909357762503e-09,1.2785051,SDC1,0.18693627705580534,2.522364,PXK,0.253037119848687,2.8974302,ZNF330,0.12888124364084041,1.7305704,CDK9,0.29939679831723126,2.2892122,MVB12B,0.2555555532273782,1.9160249,HABP4,0.2869852649531164,2.616769,PAICS,0.25406689490698076,1.2978445
71,STK26,0.000728694100922735,0.7271483,GDF3,0.009043958339704254,0.7011644,FMOD,5.9234513238363826e-09,3.0825243,HOXD13,2.9596083817078125e-09,2.064394,MAGI2,0.18782749469446922,2.498141,MTHFSD,0.2541563943926391,1.5490117,JPT2,0.12849416286027157,0.80635846,SAR1B,0.301086145632158,2.545829,ERLEC1,0.26179561206157326,2.8190317,SRD5A3,0.2861472579815768,2.5488222,CASC3,0.2606461061886777,1.8892964
72,LRP11,0.0007588317453359225,0.6997213,SMAD2Z,0.009108708155218793,0.50320697,GDF3,1.0006354777760886e-08,1.5755678,GDPD4,4.254808207788493e-09,4.924412,KIF3A,0.18755744192992224,1.9821037,PLBD1,0.25757072334929854,2.9118505,PISD,0.1297519111755664,1.750895,PCDHGA2,0.3014901103194542,2.278761,SLC35B3,0.26530245693110605,2.8812006,ORAI1,0.289626104129298,2.5705192,GATA5,0.2625844988930281,2.866353
73,PIK3R5,0.0009147786538720502,1.7487432,RAPGEF1,0.00951386526040324,0.6758625,TPM1,1.495859526042689e-08,0.8765502,ARL4C,4.221541284331588e-09,1.0272356,MPPED1,0.1903942466403038,1.9451638,GNS,0.2568213411130299,1.3190906,RRAGB,0.12918851501493864,1.1260499,LSM1,0.2993662143601725,1.6888928,GRK3,0.2623911045354032,1.8603641,MAD2L1BP,0.28443416949467026,1.7343822,HEATR5B,0.2664346644855278,2.7532525
74,SPIN1W,0.0009428279349157367,2.198515,PITX2,0.011040295586842688,1.9520565,RASA3,1.7565178257115547e-08,1.7080534,XPA,5.5593313631261405e-09,0.78716767,ALDH1L2,0.19108720357830442,1.4182284,HACD4,0.25907438041312447,2.796547,ATOX1,0.12952481443372849,0.84291905,KATNBL1,0.2997875946031088,1.6539855,DIS3L,0.26733853880142994,2.8404987,ACLY,0.2912121977156858,2.4762628,MAP2K2,0.2664346644855278,2.7532525
75,PFKL,0.0009871284472265708,0.7180711,CABP1,0.01153369778389638,1.3657477,HSPA5,1.8359909153017995e-08,0.52644175,CCT6A,6.060957221542233e-09,0.5718901,PIP5K1A,0.19207868116445193,2.464673,SLC39A3,0.2578204606217646,0.6461091,ATP6V1G1,0.1297829127635752,0.7161202,FNDC3A,0.30325962919103344,2.3432806,CACNG3,0.2631456765279834,1.8963748,LARP1,0.287263674297801,1.3705295,DNM1L,0.2619494076814947,1.2814716
76,GPR37,0.0009978949739798471,1.9481901,KCNA3,0.012211588526550327,1.4661524,ARHGDIB,2.0271131246589567e-08,0.84044653,SPARC,6.2224876761658786e-09,1.099008,CACNG4,0.19207868116445193,2.464673,TMEM37,0.2608199171360298,2.842739,UQCC1,0.13206625946725564,1.527358,REPS1,0.3045157249723381,2.3535411,P3H4,0.2664570043387414,2.7870615,ERLIN2,0.29374573145554206,2.4675224,CSNK2A2,0.26824474043111285,2.7377777
77,SENP5,0.0009973780844107654,0.99290854,PRR5,0.013182681856083279,0.6671245,DLL1,2.2073362894342727e-08,0.78635365,CIRBP,6.093264077016354e-09,0.49826086,TAL2,0.19334557970307786,4.2305527,HS3ST1,0.26431233848493,2.729263,TRMT61B,0.13252666778526084,1.6949272,SIRT1,0.30313803159000063,1.6578578,EHD3,0.26498251762257663,1.0987229,SPSB1,0.2954663459289398,2.3648787,TGIF1,0.2652349001611705,1.8842925
78,ST14,0.0010614119392562842,0.94931793,FAM91A1,0.013386004539601535,2.700432,CRIP1,2.793564581869486e-08,3.619184,AZIN1,7.282205928920516e-09,0.8408291,FBXO30,0.19334557970307786,4.2305527,MYO3B,0.2695907001037298,2.664963,TFB1M,0.1345240529190925,2.2407684,EBAG9,0.3033960717552123,1.3375937,FUBP3,0.2657120885105986,0.9570174,PTPN11,0.29545340520581986,2.4442415,VPS37A,0.2696533757179565,2.7161539
79,ID4,0.0011790518527108967,0.5475657,MCM10,0.013521305254573035,1.4215962,CD38,3.297870744253829e-08,2.3977175,AP1S2,8.672319824616752e-09,1.2601563,MTRF1,0.19332843174442188,1.090157,RNASEH2A,0.2695907001037298,2.664963,IGF1R,0.13307317487708786,0.9426,SDC3,0.3027868325849792,1.1437182,MRPS5,0.2658429916074435,1.0817472,TSR3,0.2966984697808851,2.4442415,EZR,0.2707276095438675,2.7273512
80,MYO1E,0.0011831975818046097,1.3054003,TRUB2,0.013678597719082732,0.8032395,SLC35G2,3.199484009507501e-08,1.7703366,BIRC2,1.1432620092060014e-08,1.0777541,ARL4A,0.1963201820154441,1.8884047,PITX2,0.2704862270985217,3.0205312,GPBP1L1,0.13447004451877437,1.3014345,ALDH5A1,0.30790620098083743,2.3751929,ANKRD11,0.26661739520365146,1.1214937,FZD2,0.2970331336363557,2.439958,GATA2,0.274418997911859,2.6934264
81,TNFSF10,0.001213027504193619,0.7504907,BCL11A,0.014633547631028946,1.073089,PPID,4.1276520663072187e-08,0.7283148,CNN3,1.2789045964995468e-08,0.8171161,TMEM150C,0.196459851517287,1.4173498,FKTN,0.27201418026349694,1.8448838,PODXL,0.1356849787001271,1.5468442,MINDY1,0.3057558597251744,1.6306121,TAF8,0.2688929078618367,1.8228636,NSMCE1,0.2998015593901855,2.4674091,METTL3,0.2755996779792832,2.6638486
82,TPD52,0.0012371477412265071,0.71514404,GRTP1,0.015107195555297322,0.7413568,HPCAL1,4.711754433952668e-08,1.4102304,HMGB2,1.3930725585706034e-08,0.5415395,SLC35B4,0.1969031632539079,1.6000149,RPGRIP1L,0.2735188455516053,2.6779377,EIF4EBP3,0.13614254516338595,1.2483585,SREK1IP1,0.3072571685620129,1.6470739,ALDH9A1,0.26905711669497945,1.2386397,CENPL,0.29988632569226664,2.4781566,TCOF1,0.2720459097162888,1.1753408
83,TTC39A,0.0012696143033673701,2.2717857,SMAD6,0.015366504397163139,0.68018836,KANK1,8.973460165558019e-08,1.3835982,TIMP3,1.679989046397453e-08,1.3972247,RNF152,0.19680235538568128,1.5756736,PEX13,0.272042253373102,1.2684206,SNX6,0.13662788096413275,1.1591452,DOCK1,0.3131573994239987,2.2750332,VPS35L,0.27222111649847974,2.0063508,UTP11,0.29636242278102287,1.3460629,ELP4,0.278876344554332,2.7556505
84,KCNK17,0.0013762829594622919,3.2575197,ISLR,0.016764091203385015,1.138222,STRA6,1.0447793563962988e-07,1.1009959,ZFHX3,2.2232661376448347e-08,1.5710536,ACADSB,0.1982242102706407,1.2457178,KLHL36,0.27238743877201094,1.1214169,SERBP1,0.13603102156870875,0.36703044,ALKBH1,0.3115492262724047,1.5894712,LRWD1,0.26991152534946716,1.4856689,USP47,0.29771419269965604,1.656793,TOMM7,0.2723004687323107,0.88876843
85,LEFTY2,0.0014448635596478036,2.758361,ABHD4,0.01722871620190624,0.97993857,SNAI1,1.2133548928965625e-07,2.9289088,MIF,2.5054855161837293e-08,0.4253227,SIN3B,0.20060186843236155,3.9673474,MAP1B,0.27232502482288634,0.81545097,TPT1,0.13634328270964954,0.4334981,ITPR2,0.31359372371880784,2.2789283,ARHGAP5,0.27043340950508954,1.4410744,NDUFAF1,0.29778296816569616,1.313211,ELAVL4,0.27614522275367015,1.8326863
86,ARL1,0.0014770338904363843,0.48887485,APLP2,0.01816630641758879,0.25846937,PLOD2,1.288565627917099e-07,1.4235109,GDF2,3.0383732943317654e-08,4.5868316,PHLPP2,0.20060186843236155,3.9673474,PHLDB2,0.2739920635594113,2.6286302,MED30,0.13755474417278632,1.6754056,AHSA1,0.31361993004624245,1.1214283,ATP6V1H,0.2721067701758123,1.8220538,GSN,0.3038604863002794,2.3654056,EME1,0.2791480049496883,2.6361887
87,EIF3H,0.0016463194664911149,0.30621442,CFD,0.018196212347643428,0.9195817,CALM1,1.5895479908116796e-07,0.56406784,UHRF1,2.8240804676640132e-08,0.7893701,CAMSAP1,0.20161195631231793,2.3776875,RAB28,0.27354957274967767,1.830703,PFDN1,0.13829264927317053,1.0047562,UPF2,0.3164311133264299,1.2719105,CRKL,0.27552006118775685,2.6537971,RARS2,0.3043337200652375,2.355504,CTSA,0.2761316719499925,1.7636212
88,CNTN2,0.001658471657905465,1.6089693,PLPPR3,0.01823498968130898,0.94581604,PCSK5,1.8149815076556033e-07,1.3302758,HDGF,3.927464293460109e-08,0.45838282,BCL11A,0.20157027412206993,1.5618824,AGT,0.2749086503600007,2.6033926,CORO7,0.1401777949014594,2.388515,LEPROT,0.32252175715032827,1.5753282,C16orf72,0.27445238414735973,1.8170233,ZNF622,0.30311255454378705,1.6420305,EMG1,0.27890576406671547,1.8684558
89,TENM4,0.0017386508169569043,2.2528138,SUCO,0.01868170812586304,3.0443301,STBD1,2.052699180129224e-07,3.309902,LDHB,4.379296687081652e-08,0.41228074,DACT1,0.20311789236195157,1.5833921,DHDDS,0.2765827069191854,1.7977779,NOV,0.14148822886709472,3.3779597,GOLGB1,0.324861036159223,2.1773298,PPFIBP1,0.271487762848778,0.9220187,MYO9B,0.3092801947181839,2.2991624,SNRNP40,0.2743574533728563,1.1912781
90,AIG1,0.001812514939341653,1.0917851,PLXNA2,0.01933400268527525,2.3669624,COL8A1,2.0935132944217484e-07,3.7040186,THBS1,6.296431672892095e-08,2.1911218,MRAS,0.2037790883904807,1.8555521,GPR180,0.2802653591344014,2.5443292,OFD1,0.14258199957768888,2.6641648,ZFHX3,0.32654093142260576,1.5393456,FAM161A,0.27246646964783333,0.761156,MTMR9,0.3150419738611001,2.314671,MCAT,0.28067977818664713,2.600579
91,MDK,0.0018302982188744853,0.32150874,RUVBL2,0.019705969753032102,0.780855,EYA2,2.0942815159574125e-07,2.8453448,TUBA1A,6.683658594169208e-08,0.60377264,NEMF,0.20427848678305918,1.0282784,REL,0.2796978509788767,1.7843803,TOR2A,0.14322351588656537,2.319005,MCL1,0.32942668919784124,1.5093597,RB1CC1,0.2793095145938833,2.600638,Wpkci-7,0.31089477148312483,1.3537804,TXNIP,0.28137825379338627,2.5660527
92,ITGA4,0.0018856017088706735,1.7919754,RALY,0.020657282359590707,0.7634841,HMGN1,2.655220316425106e-07,0.6514196,RASL11AL,9.333695984531963e-08,1.8114825,MAPK12,0.20448473886907106,1.5618826,KRT19,0.2797443663469061,0.8137025,CHP1,0.14238923804693038,1.2287247,WDHD1,0.3292451106080423,1.541365,GCNT1,0.27937557921220174,2.6411932,MTHFS,0.31545826314593023,2.2475865,KRT18,0.28198311030617756,2.6192172
93,METTL6,0.0021414255668869846,0.5008287,FAM49A,0.02134850383093155,0.5038379,COL5A1,3.742202716516963e-07,0.933157,CHD7,9.570530359273375e-08,0.6965921,ATP2B1,0.20466639853804663,0.5931556,DDX41,0.28068042720838304,1.2252072,CBX3,0.14209415512935056,0.69148445,GUCY2C,0.33992842345813545,7.8771772,HES1,0.27878161811838875,1.8055999,TSPAN13,0.3170516096452206,2.307994,STX2,0.27909051287595477,1.7714814
94,CTSV,0.0022301260375237365,0.5153254,LPL,0.02227633063268981,0.8114494,ACTN1,4.1089621217844335e-07,0.7706653,SPAG9,1.0120310091199251e-07,1.7073127,HIKESHI,0.20615791692866467,0.79015154,CMPK2,0.2847051302851821,2.5108616,GGNBP2,0.14536888147735996,1.6885614,gga-mir-6632,0.33992842345813545,7.8771772,DPYSL2,0.27655223703297377,0.99016863,PYGO2,0.316461513233146,2.252182,ABCB10,0.28413310249028684,2.5647547
95,GATA2,0.0022664138471790874,1.2315799,RRP12,0.022461517775270425,0.4458865,COL6A3,5.003083706541349e-07,2.4326737,YWHAZ,1.2281170549309471e-07,0.5475738,GPR21,0.20797765039503796,3.7447844,PPP4R1,0.2847051302851821,2.5108616,CHD7,0.14453753873946854,0.70589304,CPSF7,0.33992842345813545,7.8771772,GNPDA2,0.2839557967917895,2.7787824,PARD6G,0.3241600100170975,2.222427,KLHDC2,0.281693116646827,1.7418987
96,S100A6,0.002270246249980786,0.7236299,Otx5,0.02312999455400465,2.477531,Meis2a.2,4.947925693667818e-07,1.0647409,HOXB7,1.278660305062151e-07,1.206636,HECA,0.20797765039503796,3.7447844,CACNG4,0.29011768374443,2.4553776,NDE1,0.14613133739805126,1.4723363,RF00015,0.33992842345813545,7.8771772,GEMIN4,0.2796090014600671,1.4163345,FBXL3,0.32427452455910744,2.1985424,TYW3,0.2855262740185425,2.5488222
97,CHAC2,0.002350116009454715,1.3172679,ETV5,0.023366795363330698,0.54248136,RNF11,4.975114805589437e-07,1.0827923,CCND1,1.6582174217229545e-07,0.8729377,BVES,0.20797765039503796,3.7447844,STAT2,0.2910917239063829,2.4329584,ID2,0.14653098259821215,1.021523,FNDC5,0.33992842345813545,7.8771772,CFDP1,0.28196586121174755,1.7798197,PSMG1,0.32191209037175006,1.5443889,LIG3,0.2825494468425015,1.723401
98,LYPD6B,0.0024512764282546688,1.0998503,STRADA,0.024877128380351613,0.43381515,LIMD2,5.378039370812701e-07,1.0177788,DBNDD2,1.7588759956954728e-07,1.7996336,TMEM192,0.20675281693237102,1.4095094,RAB11FIP1,0.2910917239063829,2.4329584,STOX2,0.14683931032034228,1.6265273,EPHA8,0.33992842345813545,7.8771772,HIKESHI,0.2818117924072344,1.4698515,SMARCC1,0.32208840399868327,1.548803,MAP2K4,0.2836798017260356,1.7418984
99,BICD2,0.002556807623940152,0.99761,ITM2C,0.02512017785617823,1.0812299,MANF,7.571004985930265e-07,0.8330935,FIBIN,2.185861242326752e-07,2.0403957,ACOT7,0.21248446032773358,0.84912616,CHAC2,0.29322384695399273,1.7349207,DCTN4,0.14882083999952825,3.0616462,TMEM252,0.33992842345813545,7.8771772,TM9SF2,0.28463505071487527,2.5580945,PCNT,0.3253387397045152,2.1703532,GEMIN2,0.28598762066706274,1.7217174
